Model Name	execution_status	recommendation_status	Prompt (tokens)	Generation (tokens)	Total Tokens	Prompt Tps	Gen TPS	Peak (GB)	Finish Reason	Generation (s)	Load (s)	Total (s)	Quality Issues	prompt_burden_kind	prompt_burden_source	Generated Text	compatibility_status	context_integration_score	draft_improvement_score	visual_description_score	assisted_enrichment_score	peak_memory_working_set_pct	owner_confidence	prompt_burden_reason	error_stage	error_type	error_package	error_message
mlx-community/Molmo-7B-D-0924-8bit	indeterminate	not-evaluated									0.01s	0.29s		unknown	unavailable		indeterminate						low	prompt_token_total_unavailable	Network Error	ValueError	unknown	Model loading failed: [Errno 54] Connection reset by peer
mlx-community/Step-3.7-Flash-oQ2e	failed	avoid									9.55s	11.39s		unknown	unavailable		crashed						medium	prompt_token_total_unavailable	Processor Error	ValueError	model-config	Model preflight failed for mlx-community/Step-3.7-Flash-oQ2e: Loaded processor has no image_processor; expected multimodal processor.
LiquidAI/LFM2.5-VL-450M-MLX-bf16	completed	caveat	700	188	888	23,382	509	1.5 GB (1.31% of 108 GB recommended working set)	stop	0.75s	0.44s	1.47s	description-sentences(4), ...	normal	estimated_nontext	Title: Fenchurch Building (The Walkie-Talkie), London, England, UK, GBR, Europe\n\nDescription: The Fenchurch Building, formally known as 20 Fenchurch Street, is a prominent skyscraper in London, England, United Kingdom. It is a modern architectural structure that stands out in the cityscape. The building is illuminated at night, highlighting its sleek design and reflective glass facade. The Fenchurch Building is part of the London skyline and is a notable example of contemporary urban architecture.\n\nKeywords: Architecture, Building, Buildings, City, Cityscape, Skyscraper, Street, Street signs, The Fenchurch Building (The Walkie-Talkie), Urban, Urban landscape, Walkie Talkie building, London, Modern, Night, Nightscape, Skyscraper, Street, Street signs, London, UK, GBR, Europe	clean	80	33.9	76.7	66.8	1.31	medium					
mlx-community/nanoLLaVA-1.5-4bit	completed	caveat	625	112	737	7,117	346	2.8 GB (2.42% of 108 GB recommended working set)	stop	0.91s	1.04s	2.25s	title-length(11), ...	normal	estimated_nontext	Title: The Fenchurch Building (The Walkie-Talkie), London, England, UK, GBR, Europe\nDescription: Walkie Talkie building known formally as 20 Fenchurch Street.\nKeywords: Architecture, Building, Buildings, Cars, City, Cityscape, Commuting, Fenchurch Street, Illuminated, London, Modern, Night, Nightscape, Skyscraper, Street, Street signs, The Fenchurch Building (The Walkie-Talkie), Urban, Urban landscape, Walkie Talkie building	clean	80	23.3	75.7	64.4	2.42	medium					
mlx-community/LFM2-VL-1.6B-8bit	completed	caveat	890	201	1,091	8,461	331	3.0 GB (2.58% of 108 GB recommended working set)	stop	1.07s	0.33s	1.71s	title-length(11), ...	normal	estimated_nontext	Title: The Fenchurch Building (The Walkie-Talkie), London, England, UK, GBR, Europe\n\nDescription: The Fenchurch Building, also known as 20 Fenchurch Street, is a prominent skyscraper located in the heart of London, England. This modern architectural marvel stands tall against the night sky, illuminated by its distinctive glass facade. The building is a testament to contemporary design, featuring sleek lines and a unique curved shape that sets it apart from its surroundings. The Fenchurch Building is not only an iconic landmark but also a hub of commercial activity, housing numerous offices and businesses.\n\nKeywords: Architecture, Building, Buildings, Cars, City, Cityscape, Commuting, Fenchurch Street, Illuminated, London, Modern, Night, Nightscape, Skyscraper, Street, Street signs, The Fenchurch Building (The Walkie-Talkie), Urban, Urban landscape, Walkie Talkie building	clean	80	36.8	76.7	64	2.58	medium					
HuggingFaceTB/SmolVLM-Instruct	completed	avoid	1,843	18	1,861	4,471	131	5.7 GB (4.96% of 108 GB recommended working set)	stop	1.13s	0.74s	2.15s	missing-sections(title+desc...	normal	estimated_nontext	 The Fenchurch Street, London, England, UK, GBR, Europe.	clean	80	2.6	74.7	46.7	4.96	medium					
mlx-community/SmolVLM-Instruct-bf16	completed	avoid	1,843	18	1,861	4,432	124	5.7 GB (4.97% of 108 GB recommended working set)	stop	1.20s	1.45s	2.95s	missing-sections(title+desc...	normal	estimated_nontext	 The Fenchurch Street, London, England, UK, GBR, Europe.	clean	80	2.6	74.7	46.7	4.97	medium					
qnguyen3/nanoLLaVA	completed	avoid	625	91	716	6,166	113	4.7 GB (4.08% of 108 GB recommended working set)	stop	1.41s	0.80s	2.51s	low_metadata_alignment, ...	normal	estimated_nontext	"Title: The Walkie-Talkie Building (The Walkie-Talkie), London, England, UK, GBR, Europe\nDescription: A tall, tall building with a glass facade, the name ""The Walkie-Talkie"" written on its side. The building is located in London, England, UK, and is part of the Walkie-Talkie district. The building is made of glass and has a modern design."	clean	100	32.1	86.7	68.4	4.08	medium					
mlx-community/FastVLM-0.5B-bf16	completed	avoid	629	179	808	6,085	343	2.2 GB (1.88% of 108 GB recommended working set)	stop	1.55s	0.61s	2.47s	missing-sections(keywords), ...	normal	estimated_nontext	Title: The Fenchurch Building (The Walkie-Talkie), London, England, UK, GBR, Europe\nDescription: The Fenchurch Building, also known as 20 Fenchurch Street, is a prominent example of modernist architecture in London, UK. The building is a 20-story skyscraper with a distinctive curved facade and a glass exterior. It was completed in 1964 and is a well-known landmark in the city. The building is located in the Fenchurch district of London and is surrounded by other modernist buildings. The Fenchurch Building is a popular tourist attraction and is often featured in films and television shows. The building is illuminated at night and is a popular spot for tourists to take photos. The Fenchurch Building is a symbol of modernist architecture and is a key feature of the city's skyline.	clean	100	36.1	72.4	64.2	1.88	medium					
mlx-community/gemma-4-26b-a4b-it-4bit	completed	recommended	905	101	1,006	1,784	123	17 GB (14.3% of 108 GB recommended working set)	stop	1.82s	2.95s	5.10s		normal	estimated_nontext	Title:\nThe Fenchurch Building in London at night\n\nDescription:\nThe curved glass facade of the Fenchurch Building towers over a dark urban street in London at night. Street lamps and building windows provide points of light against the deep blue night sky.\n\nKeywords:\nArchitecture, Building, Cityscape, Fenchurch Street, Illuminated, London, Modern, Night, Nightscape, Skyscraper, Street, Urban, 20 Fenchurch Street, England, UK, Europe	clean	80	41.3	93.3	80.9	14.3	medium					
mlx-community/SmolVLM2-2.2B-Instruct-mlx	completed	caveat	743	158	901	2,192	132	5.5 GB (4.75% of 108 GB recommended working set)	stop	2.18s	0.78s	3.26s	title-length(11), ...	normal	estimated_nontext	 Title: The Fenchurch Building (The Walkie-Talkie), London, England, UK, GBR, Europe\n\nDescription: The Walkie-Talkie building, formally known as 20 Fenchurch Street, is a modern skyscraper in the Fenchurch Street district of London, England, UK. It is illuminated at night and is part of the Walkie-Talkie building complex.\n\nKeywords: Architecture, Building, Buildings, Cars, City, Cityscape, Commuting, Fenchurch Street, Illuminated, London, Modern, Night, Nightscape, Skyscraper, Street, Street signs, The Fenchurch Building (The Walkie-Talkie), Urban, Urban landscape, Walkie Talkie building	clean	100	28	86.7	74.1	4.75	medium					
mlx-community/paligemma2-10b-ft-docci-448-6bit	completed	avoid	1,652	17	1,669	1,343	31.0	12 GB (10.5% of 108 GB recommended working set)	stop	2.29s	1.72s	4.32s	low_metadata_alignment, ...	normal	estimated_nontext	- Do not copy prompt instructions into the Title, Description, or Keywords fields.	clean	0.0	0.0	52	21.4	10.5	medium					
mlx-community/Ministral-3-3B-Instruct-2512-4bit	completed	caveat	3,239	151	3,390	2,617	185	7.8 GB (6.76% of 108 GB recommended working set)	stop	2.49s	0.92s	3.70s	keyword-count(22)	mixed	estimated_nontext	Title:\nThe Walkie-Talkie Building at Night, Fenchurch Street, London\n\nDescription:\nA modern skyscraper with a distinctive, asymmetrical design and glass facade dominates the night scene, its lights casting reflections on the surrounding urban streets. The area around 20 Fenchurch Street shows a mix of pedestrian activity, street lamps, and a partially obscured construction crane, with a quiet, late-night atmosphere.\n\nKeywords:\narchitecture, asymmetrical, building, cars, city, cityscape, construction, crane, dark sky, Fenchurch Street, illuminated, London, modern, night, night lighting, skyscraper, street, street lamps, urban, urban setting, Walkie-Talkie, walkways	clean	0.0	43.7	86.7	55.7	6.76	medium					
mlx-community/diffusiongemma-26B-A4B-it-8bit	completed	caveat	901	104	1,005	2,247	66.5	29 GB (25.4% of 108 GB recommended working set)	stop	2.61s	3.70s	6.65s	low_metadata_alignment, ...	normal	estimated_nontext	<|channel>thought\n<channel|>Title:\n- 20 Fenchurch Street building at night in London\n\nDescription:\n- The glass facade of 20 Fenchurch Street towers over a narrow urban street at dusk. The scene features modern architecture illuminated by street lamps and interior office windows against a deep blue sky.\n\nKeywords:\n- Architecture, building, cityscape, Fenchurch Street, illuminated, London, modern, night, nightscape, skyscraper, street, urban, glass, England, United Kingdom	clean	60	40.6	93.3	72.4	25.4	medium					
mlx-community/Idefics3-8B-Llama3-bf16	completed	caveat	2,907	26	2,933	2,369	33.4	19 GB (16.6% of 108 GB recommended working set)	stop	2.63s	2.00s	4.97s	missing-sections(title+desc...	normal	estimated_nontext	 The Fenchurch Building (The Walkie-Talkie), London, England, UK, GBR, Europe.<end_of_utterance>	clean	80	2.9	80.7	48.8	16.6	medium					
mlx-community/diffusiongemma-26B-A4B-it-mxfp8	completed	caveat	901	100	1,001	2,262	62.7	28 GB (24.6% of 108 GB recommended working set)	stop	2.65s	3.59s	6.56s	missing-sections(title), ...	normal	estimated_nontext	<|channel>thought\n<channel|>Title:\n- 20 Fenchurch Street building at night\n\nDescription:\n- The curved skyscraper of 20 Fenchurch Street, known as the Walkie-Talkie, rises over a dark London street illuminated by streetlights and modern glass buildings.\n\nKeywords:\n- Architecture, Building, City, London, Modern, Night, Nightscape, Skyscraper, Street, Fenchurch Street, Urban, Glass, Evening, England, United Kingdom	clean	60	29.7	93.3	70.2	24.6	medium					
mlx-community/InternVL3-8B-bf16	completed	recommended	2,408	90	2,498	2,789	34.2	18 GB (15.3% of 108 GB recommended working set)	stop	4.05s	1.64s	5.99s	low-draft-improvement	normal	estimated_nontext	Title:\nThe Walkie-Talkie Building, London, England\n\nDescription:\nModern skyscraper in London at night, illuminated with reflective glass facade, streetlights casting a warm glow, and a few cars on the road.\n\nKeywords:\nArchitecture, Building, Buildings, Cars, City, Cityscape, Illuminated, London, Modern, Night, Skyscraper, Street, Street signs, Urban, Urban landscape, Walkie-Talkie Building	clean	20	35	93.3	64.7	15.3	medium					
mlx-community/gemma-3n-E2B-4bit	completed	avoid	891	500	1,391	2,737	123	6.0 GB (5.21% of 108 GB recommended working set)	length	4.84s	2.07s	7.22s	"repetitive(phrase: ""- do no..."	normal	estimated_nontext	\n- Do not take it is a 2026-07-18 22:55:39 22:55:39\n- Do not take it is a 22:55:39 22:55:39\n- Do not take it is a 22:55:39 22:55:39\n- Do not take it is a 22:55:39 22:55:39\n- Do not take it is a 22:55:39 22:55:39\n- Do not take it is a 22:55:39 22:55:39\n- Do not take it is a 22:55:39 22:55:39\n- Do not take it is a 22:55:39 22:55:39\n- Do not take it is a 22:55:39 22:55:39\n- Do not take it is a 22:55:39 22:55:39\n- Do not take it is a 22:55:39 22:55:39\n- Do not take it is a 22:55:39 22:55:39\n- Do not take it is a 22:55:39 22:55:39\n- Do not take it is a 22:55:39 22:55:39\n- Do not take it is a 22:55:39 22:55:39\n- Do not take it is a 22:55:39 22:55:39\n- Do not take it is a 22:55:39 22:55:39\n- Do not take it is a 22:55:39 22:55:39\n- Do not take it is a 22:55:39 22:	clean	0.0	24.8	42.1	29.5	5.21	medium					
meta-llama/Llama-3.2-11B-Vision-Instruct	completed	avoid	596	14	610	312	5.39	25 GB (21.9% of 108 GB recommended working set)	stop	4.99s	2.22s	7.52s	missing-sections(title+desc...	normal	estimated_nontext	The Fenchurch Building (The Walkie-Talkie)	clean	0.0	1	72.7	25.6	21.9	medium					
mlx-community/paligemma2-10b-ft-docci-448-bf16	completed	avoid	1,652	17	1,669	1,092	5.54	27 GB (23.3% of 108 GB recommended working set)	stop	5.10s	2.72s	8.13s	low_metadata_alignment, ...	normal	estimated_nontext	- Do not copy prompt instructions into the Title, Description, or Keywords fields.	clean	0.0	0.0	52	21.4	23.3	medium					
mlx-community/llava-v1.6-mistral-7b-8bit	completed	caveat	2,867	161	3,028	1,338	62.1	9.7 GB (8.41% of 108 GB recommended working set)	stop	5.37s	1.42s	7.10s	title-length(11), ...	normal	estimated_nontext	Title: The Fenchurch Building (The Walkie-Talkie), London, England, UK, GBR, Europe\n\nDescription: The Fenchurch Building (The Walkie-Talkie), a modern skyscraper in London, England, UK, is illuminated at night. The building is located on Fenchurch Street and is a prominent landmark in the city.\n\nKeywords: Architecture, Building, Buildings, Cars, City, Cityscape, Commuting, Fenchurch Street, Illuminated, London, Modern, Night, Nightscape, Skyscraper, Street, Street signs, The Fenchurch Building (The Walkie-Talkie), Urban, Urban landscape, Walkie Talkie building 	clean	80	26.6	86.7	68.9	8.41	medium					
mlx-community/Ministral-3-14B-Instruct-2512-nvfp4	completed	recommended	3,240	158	3,398	1,310	62.9	13 GB (11.7% of 108 GB recommended working set)	stop	5.42s	1.39s	7.10s	low_metadata_alignment	mixed	estimated_nontext	"**Title:**\n*20 Fenchurch Street at Night, London, England, UK*\n\n**Description:**\nA night-time view of 20 Fenchurch Street, also known as ""Walkie-Talkie,"" a modern skyscraper in London’s financial district, illuminated against a dark blue sky. Visible details include adjacent buildings, street lighting, a few parked e-bikes, road signs, and a nearly empty street with minimal evening activity.\n\n**Keywords:**\nModern skyscraper, 20 Fenchurch Street, Walkie-Talkie, London, England, night photography, urban architecture, illuminated building, financial district, street lighting, road signs, e-bikes, dark blue sky, minimal traffic, European cityscape, commercial architecture"	clean	80	46.1	100	84.2	11.7	medium					
mlx-community/pixtral-12b-8bit	completed	caveat	3,433	112	3,545	1,600	39.2	16 GB (13.6% of 108 GB recommended working set)	stop	5.45s	1.69s	7.46s	title-length(4), ...	mixed	estimated_nontext	Title:\n- 20 Fenchurch Street, London\n\nDescription:\n- The illuminated skyscraper known as 20 Fenchurch Street, or the Walkie-Talkie building, stands prominently in a London street at night.\n\nKeywords:\n- Architecture, Building, Buildings, Cars, City, Cityscape, Fenchurch Street, Illuminated, London, Modern, Night, Nightscape, Skyscraper, Street, Street signs, The Fenchurch Building, Urban, Urban landscape, Walkie Talkie building	clean	0.0	22.8	86.7	48.1	13.6	medium					
mlx-community/InternVL3-14B-8bit	completed	recommended	2,408	118	2,526	1,372	32.1	18 GB (15.7% of 108 GB recommended working set)	stop	5.99s	1.72s	8.02s	low-draft-improvement	normal	estimated_nontext	Title:\nThe Fenchurch Building, London Night\n\nDescription:\nThe Fenchurch Building, also known as The Walkie-Talkie, stands prominently in London's cityscape at night, illuminated by interior lights. The scene captures a quiet urban street with modern architecture, streetlights, and a few parked bicycles.\n\nKeywords:\nArchitecture, Building, City, Cityscape, Fenchurch Street, Illuminated, London, Modern, Night, Nightscape, Skyscraper, Street, Street signs, The Fenchurch Building, Urban, Urban landscape, Walkie Talkie building	clean	0.0	37.9	86.7	57.9	15.7	medium					
mlx-community/gemma-3-27b-it-qat-4bit	completed	caveat	900	142	1,042	663	30.9	18 GB (15.7% of 108 GB recommended working set)	stop	6.42s	2.81s	9.54s	keyword-count(23), ...	normal	estimated_nontext	Title:\nThe Fenchurch Building (The Walkie-Talkie), London\n\nDescription:\nThe Fenchurch Building, formally known as 20 Fenchurch Street, is illuminated at night, dominating a street scene in London, England; the building’s distinctive curved facade is prominently visible.\n\nKeywords:\nArchitecture, Building, Buildings, City, Cityscape, Fenchurch Street, Illuminated, London, Modern, Night, Nightscape, Skyscraper, Street, Street signs, The Fenchurch Building (The Walkie-Talkie), Urban, Urban landscape, Walkie Talkie building, Curved facade, Dark sky, Street lighting, Pedestrian crossing, Road surface	clean	20	36.6	86.7	59.3	15.7	medium					
mlx-community/gemma-4-31b-it-4bit	completed	recommended	905	128	1,033	534	26.4	20 GB (17.7% of 108 GB recommended working set)	stop	7.04s	3.02s	10.38s	low-draft-improvement	normal	estimated_nontext	Title: The Fenchurch Building (The Walkie-Talkie), London, England, UK\n\nDescription: A night view of the modern skyscraper known as 20 Fenchurch Street, situated along a city street in London, England. The scene features illuminated office windows, street lighting, and parked bicycles on the pavement.\n\nKeywords: Architecture, Building, City, Cityscape, England, Fenchurch Street, Illuminated, London, Modern, Night, Nightscape, Skyscraper, Street, The Fenchurch Building (The Walkie-Talkie), UK, Urban, Urban landscape, Walkie Talkie building	clean	60	34.5	86.7	72.2	17.7	medium					
mlx-community/pixtral-12b-bf16	completed	caveat	3,433	99	3,532	1,703	20.1	28 GB (23.9% of 108 GB recommended working set)	stop	7.37s	3.34s	11.01s	title-length(4), ...	mixed	estimated_nontext	Title:\n- 20 Fenchurch Street, London\n\nDescription:\n- The illuminated 20 Fenchurch Street, also known as The Walkie-Talkie, stands prominently in a quiet London street at night.\n\nKeywords:\n- Architecture, Building, Buildings, City, Cityscape, Fenchurch Street, Illuminated, London, Night, Nightscape, Skyscraper, Street, Street signs, The Walkie-Talkie, Urban, Urban landscape	clean	0.0	28.8	86.7	52.7	23.9	medium					
mlx-community/gemma-3n-E4B-it-bf16	completed	avoid	899	323	1,222	1,964	48.2	17 GB (14.9% of 108 GB recommended working set)	stop	7.61s	2.78s	10.71s	low_metadata_alignment, ...	normal	estimated_nontext	## Image Description for Captioning\n\n**Title:** Night View of The Walkie-Talkie Building in London\n\n**Description:** A low-angle, wide shot captures the imposing silhouette of The Walkie-Talkie building at night in London. The skyscraper dominates the frame, its dark, reflective glass facade illuminated by the city lights. The building's distinctive curved top is clearly visible against the deep blue of the night sky, with faint stars scattered above. \n\nThe street below is dimly lit by streetlights, with blurred headlights of passing cars creating streaks of light. The surrounding buildings are also visible, their windows glowing with warm interior lights, contrasting with the cool blue of the sky. A few parked bicycles are visible on the sidewalk in the foreground, adding a touch of everyday life to the urban scene. \n\nThe overall atmosphere is one of a bustling city at night, with the modern architecture of The Walkie-Talkie standing as a prominent landmark. The image conveys a sense of urban grandeur and the energy of a major city.\n\n**Keywords:** London, The Walkie-Talkie, skyscraper, night, city, urban, architecture, building, street, lights, stars, modern, cityscape, evening, reflection, blue, dark, cars, bicycles.\n\n**Location:** London, England, UK\n\n**Date/Time:** 2026-07-18 22:55:39 BST\n\n**GPS:** 51.511300°N, 0.083400°W	clean	60	49.2	85	67.8	14.9	medium					
mlx-community/GLM-4.6V-Flash-mxfp4	completed	recommended	6,647	134	6,781	1,129	80.0	8.6 GB (7.42% of 108 GB recommended working set)	stop	8.01s	1.35s	9.67s		visual_input	estimated_nontext	Title:\nThe Fenchurch Building (The Walkie-Talkie), London, England, UK\n\nDescription:\nThe image shows a night scene featuring the distinctive, angular glass facade of The Fenchurch Building (The Walkie-Talkie) in London. The street is relatively quiet with a few cars visible, street lighting illuminating the area, and modern urban architecture surrounding the scene.\n\nKeywords:\nThe Fenchurch Building (The Walkie-Talkie), Architecture, Building, Buildings, City, Cityscape, London, Modern, Night, Nightscape, Skyscraper, Street, Street signs, Urban, Urban landscape, Walkie Talkie building	clean	60	43.1	86.7	74	7.42	medium					
mlx-community/MiniCPM-V-4.6-8bit	completed	caveat	1,243	94	1,337	350	24.7	4.1 GB (3.53% of 108 GB recommended working set)	stop	8.34s	0.96s	9.75s	low_metadata_alignment, ...	normal	estimated_nontext	<think>\n\n</think>\n\nTitle:\nNighttime urban street with modern skyscraper\n\nDescription: The image shows a modern urban street at night, featuring a prominent illuminated skyscraper under a dark sky, with surrounding buildings and street lighting. Visible details include parked bicycles and street signs, indicating a bustling city environment.\n\nKeywords: Architecture, Buildings, Skyscraper, City, Street, Illuminated, Night, Modern, Urban, London, UK, Evening, Urban landscape	clean	40	48.7	93.3	72.4	3.53	medium					
jqlive/Kimi-VL-A3B-Thinking-2506-6bit	completed	avoid	1,623	500	2,123	1,677	71.0	18 GB (15.6% of 108 GB recommended working set)	length	8.55s	1.99s	10.86s	missing-sections(title+desc...	normal	estimated_nontext	"◁think▷Okay, let's tackle this. First, I need to analyze the image and create a catalog record with the specified sections: Title, Description, and Keywords. The user wants it in British English, so I'll make sure to use British terms like ""lorry"" instead of ""truck"" if needed, but here it's not necessary. \n\nLooking at the image, the main subject is the Walkie-Talkie building (20 Fenchurch Street) in London, UK. The image is a night scene with the building illuminated, showing its distinctive curved shape. The location is a street in London, England, UK. The time is 2026-07-18 22:55:39 BST, so it's nighttime. The lighting is dark with artificial lights from the building and streetlights. There are cars and bicycles visible, and the street is wet, reflecting lights. The building's glass facade is prominent.\n\nFor the title, I need a 5-10 word title. The existing draft was ""The Fenchurch Building (The Walkie-Talkie), London, England, UK, GBR, Europe"". But maybe shorten it to ""The Walkie-Talkie Building, London Nightscape"" to be more concise. \n\nDescription should be 1-2 sentences. It should mention the building, location, time, lighting, and key elements. So something like ""A nighttime view of the Walkie-Talkie building (20 Fenchurch Street) illuminated at night, showcasing its distinctive curved glass facade, with streetlights, bicycles, and cars visible in the foreground, located in London, England, UK.""\n\nKeywords need 10-18 terms. From the image: Walkie-Talkie building, London, England, UK, night, nightscape, illuminated, glass facade, streetlights, bicycles, cars, wet street, reflections, urban, modern architecture, cityscape, street signs, buildings, night lighting, dark sky, urban environment, architectural details.\n\nCheck if all keywords are visible or from context. ""Walkie-Talkie building"" is visible. ""London"" is given. ""Night"" and ""nightscape"" are from the image. ""Illuminated"" is visible. ""Glass facade"" is visible. ""Streetlights"" and ""bicycles"" are visible. ""Cars"" are visible. ""Wet street"" and ""reflections"" from the wet pavement. ""Urban"""	clean	80	37.3	81.4	59.4	15.6	medium					
mlx-community/Devstral-Small-2-24B-Instruct-2512-5bit	completed	caveat	2,707	136	2,843	749	30.3	23 GB (19.9% of 108 GB recommended working set)	stop	8.58s	2.17s	11.06s	keyword-count(19), ...	normal	estimated_nontext	Title:\nThe Fenchurch Building (The Walkie-Talkie), London\n\nDescription:\nThe Fenchurch Building, also known as the Walkie-Talkie, stands illuminated at night in London, England. The distinctive curved glass facade reflects the surrounding city lights, with a quiet street below featuring bicycles and traffic signs.\n\nKeywords:\nArchitecture, Building, Buildings, Cars, City, Cityscape, Fenchurch Street, Illuminated, London, Modern, Night, Nightscape, Skyscraper, Street, Street signs, The Fenchurch Building (The Walkie-Talkie), Urban, Urban landscape, Walkie Talkie building	clean	20	34.4	93.3	61.1	19.9	medium					
mlx-community/GLM-4.6V-Flash-6bit	completed	caveat	6,647	152	6,799	1,173	57.7	11 GB (9.58% of 108 GB recommended working set)	stop	8.74s	1.41s	10.46s	hallucination, ...	visual_input	estimated_nontext	<|begin_of_box|>Title:\nThe Walkie-Talkie Building at Night\n\nDescription:\nA nighttime urban scene featuring the distinctive, angular glass facade of the Walkie-Talkie building (20 Fenchurch Street) in London. The street is dimly lit with streetlights, showing a few vehicles with headlights on, and some green rental bikes parked on the left sidewalk.\n\nKeywords:\nArchitecture, Building, Buildings, Cars, City, Cityscape, Fenchurch Street, Illuminated, London, Modern, Night, Nightscape, Skyscraper, Street, Street signs, The Walkie-Talkie Building, Urban, Urban landscape, Walkie-Talkie building, Glass facade, Nighttime urban scene, Green rental bikes, Headlights on vehicles<|end_of_box|>	clean	0.0	38.5	100	55.9	9.58	medium					
mlx-community/Kimi-VL-A3B-Thinking-8bit	completed	avoid	1,623	500	2,123	1,668	62.6	22 GB (19% of 108 GB recommended working set)	length	9.53s	2.19s	12.03s	fabrication, ...	normal	estimated_nontext	"◁think▷Okay, let's tackle this metadata cataloging task. First, I need to analyze the image based on the given context and the draft metadata provided. The image shows a tall, modern skyscraper at night. The building has a distinctive curved glass facade with illuminated windows. The location is specified as England, UK, specifically in the district of London, near Fenchurch Street. The photo was taken on July 18, 2026, at 10:55 PM BST. The GPS coordinates are 51.5113°N, 0.0834°W.\n\nThe existing draft metadata mentions ""The Fenchurch Building (The Walkie-Talkie)"" and ""20 Fenchurch Street."" The building is known for its unique shape, which resembles a walkie-talkie, hence the nickname. The image shows the building at night with its glass panels lit up, which is a key visual detail. The surrounding area includes a street scene with some vehicles and streetlights, but the main subject is clearly the skyscraper.\n\nFor the title, I should keep ""The Fenchurch Building (The Walkie-Talkie)"" as it's the official name and nickname. The location is already provided in the context, so I can include that. The draft title is already accurate, so no changes needed there.\n\nFor the description, I need to combine the authoritative context with visible details. The building's curved glass facade and illuminated windows are prominent. The street scene at night with vehicles and streetlights adds context. The GPS coordinates and date/time are part of the authoritative context but shouldn't be included in the description since they're not visually observable. The existing description mentions ""Walkie Talkie building"" which is correct, so I can use that. The keywords should include the official name, location, and other visible elements like architecture, night, cityscape, etc. I should avoid adding speculative terms like ""commuting"" unless it's clearly visible, which it isn't. The existing keywords are a good start but can be refined to include ""glass facade"" and ""streetlights"" based on the image.\n\nI need to ensure that I don't add any inferred details. The building's nickname is confirmed by the context, so that's safe. The image shows it's a skyscraper, so that's included. The keywords should be concise and accurate. Let me compile the final entries based on this analysis.◁/think▷Title: The Fenchurch"	clean	80	42.1	73.1	60.6	19	medium					
microsoft/Phi-3.5-vision-instruct	completed	avoid	1,468	500	1,968	3,958	57.2	9.6 GB (8.3% of 108 GB recommended working set)	length	9.55s	0.92s	10.77s	"repetitive(phrase: ""modern,..."	normal	estimated_nontext	Title: The Fenchurch Building (The Walkie-Talkie), London, England, UK, GBR, Europe\n\nDescription: The iconic Fenchurch Building, also known as The Walkie-Talkie, stands tall in the heart of London's financial district. Its distinctive curved facade is illuminated against the night sky, creating a striking contrast with the surrounding modern architecture. The building's reflective glass surface mirrors the lights of the city, adding to its imposing presence.\n\nKeywords: Fenchurch Building, The Walkie-Talkie, London, England, UK, GBR, Europe, modern architecture, illuminated, cityscape, skyscraper, urban landscape, night, modern, illuminated, reflective glass, financial district, city lights, urban, architecture, buildings, illumination, nighttime, skyline, modern, urban, city, lighting, modern, illuminated, architecture, buildings, urban, cityscape, modern, illuminated, architecture, buildings, urban, city, lighting, modern, illuminated, architecture, buildings, urban, cityscape, modern, illuminated, architecture, buildings, urban, city, lighting, modern, illuminated, architecture, buildings, urban, cityscape, modern, illuminated, architecture, buildings, urban, city, lighting, modern, illuminated, architecture, buildings, urban, cityscape, modern, illuminated, architecture, buildings, urban, city, lighting, modern, illuminated, architecture, buildings, urban, cityscape, modern, illuminated, architecture, buildings, urban, city, lighting, modern, illuminated, architecture, buildings, urban, cityscape, modern, illuminated, architecture, buildings, urban, city, lighting, modern, illuminated, architecture, buildings, urban, cityscape, modern, illuminated, architecture, buildings, urban, city, lighting, modern, illuminated, architecture, buildings, urban, cityscape, modern, illuminated, architecture, buildings, urban, city, lighting, modern, illuminated, architecture, buildings, urban, cityscape, modern, illuminated, architecture, buildings, urban, city, lighting, modern,	clean	100	29.8	80	68.8	8.3	medium					
mlx-community/gemma-3-27b-it-qat-8bit	completed	caveat	900	140	1,040	583	17.4	32 GB (27.4% of 108 GB recommended working set)	stop	10.07s	3.84s	14.22s	keyword-count(21), ...	normal	estimated_nontext	Title:\nThe Fenchurch Building (The Walkie-Talkie), London\n\nDescription:\nThe Fenchurch Building, also known as 20 Fenchurch Street, is illuminated at night, viewed from a street level perspective in London, with a dark blue sky overhead. Streetlights cast a warm glow on the pavement and surrounding buildings.\n\nKeywords:\nArchitecture, Building, Buildings, City, Cityscape, Fenchurch Street, Illuminated, London, Modern, Night, Nightscape, Skyscraper, Street, Street signs, The Fenchurch Building (The Walkie-Talkie), Urban, Urban landscape, Dark sky, Exterior, Pavement, Street lighting	clean	0.0	35.2	93.3	56.3	27.4	medium					
mlx-community/ERNIE-4.5-VL-28B-A3B-Thinking-bf16	completed	avoid	1,956	500	2,456	1,092	59.6	60 GB (52.1% of 108 GB recommended working set)	length	10.72s	4.82s	15.85s	generation_loop(numeric_loop), ...	normal	estimated_nontext	"Let's tackle this step by step. First, the title needs to be 5-10 words, concrete and factual. The authoritative context gives location as London, England, UK, and the building is The Fenchurch Building (The Walkie-Talkie). So the title should be something like ""The Fenchurch Building (The Walkie-Talkie), London, UK"" – that's 7 words, fits the requirement.\n\nNext, the description. The draft says it's the Walkie-Talkie building at 20 Fenchurch Street. The image is a nightscape of the building, so I need to combine the authoritative context (location, building name) with the visible details (night, illuminated, skyscraper, street elements like lights, cars, bikes). Wait, the draft description is short, but let's make it more detailed but still factual. The image has the building's distinctive curved glass facade, lit up at night, with streetlights, cars, bikes, and the surrounding urban area. So the description should mention the building's name, location, night setting, illuminated facade, and key visible elements like streetlights, vehicles, and urban environment.\n\nThen keywords. The draft has some, but let's check if they're accurate. The building is a skyscraper, modern, nightscape, cityscape, London, UK, Europe, architecture, illuminated, street, cars, bikes, street signs, urban landscape. Wait, the authoritative context includes GPS, but keywords should be visible or authoritative. Let's make sure they're unique and cover the main points. The building's name is important, so ""Fenchurch Building (The Walkie-Talkie)"" should be there. Also, ""20 Fenchurch Street"" is the address, which is authoritative. Let's list them: Architecture, Building, Fenchurch Building (The Walkie-Talkie), 20 Fenchurch Street, London, UK, Europe, Night, Nightscape, Skyscraper, Modern, Illuminated, Cityscape, Urban, Street, Cars, Bikes, Street Signs, Urban Landscape. Wait, but keywords need to be 10-18. Let's count: Architecture, Building, Fenchurch Building (The Walkie-Talk"	clean	80	38.1	68.7	55.1	52.1	medium					
mlx-community/paligemma2-3b-pt-896-4bit	completed	avoid	4,724	500	5,224	3,893	42.4	4.6 GB (3.96% of 108 GB recommended working set)	length	13.75s	1.72s	15.79s	"repetitive(phrase: ""- do no..."	visual_input	estimated_nontext	- Do not output the description text after the label.\n- Do not output the title text after the label.\n- Do not output the description text after the label.\n- Do not output the title text after the label.\n- Do not output the description text after the label.\n- Do not output the title text after the label.\n- Do not output the description text after the label.\n- Do not output the title text after the label.\n- Do not output the description text after the label.\n- Do not output the title text after the label.\n- Do not output the description text after the label.\n- Do not output the title text after the label.\n- Do not output the description text after the label.\n- Do not output the title text after the label.\n- Do not output the description text after the label.\n- Do not output the title text after the label.\n- Do not output the description text after the label.\n- Do not output the title text after the label.\n- Do not output the description text after the label.\n- Do not output the title text after the label.\n- Do not output the description text after the label.\n- Do not output the title text after the label.\n- Do not output the description text after the label.\n- Do not output the title text after the label.\n- Do not output the description text after the label.\n- Do not output the title text after the label.\n- Do not output the description text after the label.\n- Do not output the title text after the label.\n- Do not output the description text after the label.\n- Do not output the title text after the label.\n- Do not output the description text after the label.\n- Do not output the title text after the label.\n- Do not output the description text after the label.\n- Do not output the title text after the label.\n- Do not output the description text after the label.\n- Do not output the title text after the label.\n- Do not output the description text after the label.\n- Do not output the title text after the label.\n- Do not output the description text after the label.\n- Do not output the title text after the label.\n- Do not output the description text after the label.\n- Do not output the title text after	clean	0.0	24.8	41	29.1	3.96	medium					
mlx-community/Qwen3-VL-2B-Thinking-bf16	completed	caveat	16,844	9	16,853	1,252	103	8.6 GB (7.44% of 108 GB recommended working set)	stop	14.30s	0.73s	15.34s	⚠️harness(long_context), ...	mixed	estimated_nontext	 1000000	integration-warning	0.0	0.0	0.0	0.0	7.44	medium					
mlx-community/Apriel-1.5-15b-Thinker-6bit-MLX	completed	avoid	3,524	500	4,024	1,557	42.7	15 GB (13% of 108 GB recommended working set)	length	14.42s	1.66s	16.39s	generation_loop(numeric_loop), ...	mixed	estimated_nontext	"Here are my reasoning steps:\nWe need to produce a catalog record with three sections: Title, Description, Keywords. The image is a nighttime cityscape of a tall skyscraper, likely the Walkie Talkie building (20 Fenchurch Street) in London. The authoritative context includes location terms: England, Europe, UK, district, United Kingdom. Capture date/time: 2026-07-18 22:55:39 BST. GPS: 51.511300°N, 0.083400°W. The draft metadata includes title: ""The Fenchurch Building (The Walkie-Talkie), London, England, UK, GBR, Europe"". Description: ""Walkie Talkie building known formally as 20 Fenchurch Street."" Keywords: many.\n\nWe need to produce a title of 5-10 words, concrete and factual; can use authoritative context. Title should be something like ""20 Fenchurch Street (Walkie‑Talkie), London, England"". That's 7 words? Let's count: ""20"" (1), ""Fenchurch"" (2), ""Street"" (3), ""(Walkie‑Talkie),"" (4), ""London,"" (5), ""England"" (6). That's 6 words. That's within 5-10. Or ""The Walkie‑Talkie, 20 Fenchurch Street, London"". That's 8 words. Let's decide.\n\nDescription: 1-2 factual sentences combining supplied authoritative context with main visible subject, setting, lighting, action, distinctive visible details. So we need to mention that the image shows the Walkie Talkie building at night, illuminated, with surrounding streets, streetlights, etc. Use authoritative context: location is London, England, UK. Capture date/time: 2026-07-18 22:55:39 BST. But we should not claim that the date/time is visible; we can incorporate it as context. The description should be factual, not speculation. So something like: ""The photograph captures 20 Fenchurch Street, the Walkie‑Talkie skyscraper in London, illuminated against a deep blue night sky, with surrounding streets and streetlights visible."" That's one sentence. Could add second"	clean	100	45.5	71.3	68.9	13	medium					
mlx-community/GLM-4.6V-nvfp4	completed	caveat	6,647	146	6,793	569	43.0	78 GB (67.3% of 108 GB recommended working set)	stop	15.53s	5.50s	21.40s	hallucination, ...	visual_input	estimated_nontext	<|begin_of_box|>Title:\nThe Fenchurch Building (The Walkie-Talkie), London, England, UK, GBR, Europe\n\nDescription:\nNighttime urban street scene featuring the Fenchurch Building (The Walkie-Talkie) skyscraper, with illuminated windows, modern architecture, and a quiet city street with parked bicycles, street signs, and distant moving cars under a dark blue sky.\n\nKeywords:\nArchitecture, Building, Buildings, Cars, City, Cityscape, Fenchurch Street, Illuminated, London, Modern, Night, Nightscape, Skyscraper, Street, Street signs, The Fenchurch Building (The Walkie-Talkie), Urban, Urban landscape, Walkie Talkie building<|end_of_box|>	clean	80	35.7	100	75.3	67.3	medium					
mlx-community/gemma-4-31b-bf16	completed	avoid	893	82	975	185	7.5	65 GB (56% of 108 GB recommended working set)	stop	16.27s	7.58s	24.16s	missing-sections(title+desc...	normal	estimated_nontext	\n\nImage:\n- The image shows a tall, modern skyscraper with a distinctive curved design, illuminated at night. The building is surrounded by other urban structures, including smaller buildings and streetlights. The scene is set in a city environment, with a street visible in the foreground, featuring parked bicycles and a few cars. The sky is dark, indicating nighttime, and the overall atmosphere is urban and contemporary.	clean	0.0	37	88	48	56	medium					
mlx-community/LFM2.5-VL-1.6B-bf16	completed	avoid	890	294	1,184	1,083	18.0	4.1 GB (3.56% of 108 GB recommended working set)	stop	18.23s	1.59s	20.72s	title-length(19), ...	normal	estimated_nontext	Title:\n- London, England, United Kingdom, 20 Fenchurch Street, The Walkie-Talkie, 20 Fenchurch Street, London, England, United Kingdom, GBR, Europe\n\nDescription:\n- The Fenchurch Building (The Walkie-Talkie) is a prominent skyscraper located at 20 Fenchurch Street in London, England, United Kingdom, GBR, Europe. The building is known for its distinctive curved glass façade and is a notable example of modern architecture in the city. The image captures the building at night, with its illuminated windows and sleek design standing out against the dark sky. The surrounding area appears to be a busy urban street, with other buildings and street signs visible. The photo was taken on 2026-07-18 at 22:55:39 BST, providing a clear view of the building's impressive height and sleek design.\n\nKeywords:\n- London, England, United Kingdom, 20 Fenchurch Street, The Walkie-Talkie, London, England, United Kingdom, GBR, Europe, Architecture, Building, Buildings, Cars, City, Cityscape, Commuting, Fenchurch Street, Illuminated, London, Modern, Night, Nightscape, Skyscraper, Street, Street signs, The Fenchurch Building (The Walkie-Talkie), Urban, Urban landscape, Walkie Talkie building	clean	80	38.4	81.3	65.9	3.56	medium					
Qwen/Qwen3-VL-2B-Instruct	completed	avoid	16,842	500	17,342	1,275	93.3	8.6 GB (7.43% of 108 GB recommended working set)	length	19.30s	0.68s	20.26s	⚠️harness(long_context), ...	mixed	estimated_nontext	- - - - - - - - - - - - - - - - - - - - - - - - - - - - - - - - - - - - - - - - - - - - - - - - - - - - - - - - - - - - - - - - - - - - - - - - - - - - - - - - - - - - - - - - - - - - - - - - - - - - - - - - - - - - - - - - - - - - - - - - - - - - - - - - - - - - - - - - - - - - - - - - - - - - - - - - - - - - - - - - - - - - - - - - - - - - - - - - - - - - - - - - - - - - - - - - - - - - - - - - - - - - - - - - - - - - - - - - - - - - - - - - - - - - - - - - - - - - - - - - - - - - - - - - - - - - - - - - - - - - - - - - - - - - - - - - - - - - - - - - - - - - - - - - - - - - - - - - - - - - - - - - - - - - - - - - - - - - - - - - - - - - - - - - - - - - - - - - - - - - - - - - - - - - - - - - - - - - - - - - - - - - - - - - - - - - - - - - - - - - - - - - - - - - - - - - - - - - - - - - - - - - - - - - - - - - - - - - - - - - - - - - - - - - - - - - - - - - - - - - - - - - - - - - - - - - - - - - - - - - - - - - - - - - - - - - - - - - - - - - - - - - - - - - - - - - - - - - - - - -	integration-warning	0.0	0.0	40	17.4	7.43	high					
mlx-community/X-Reasoner-7B-8bit	completed	caveat	16,853	9	16,862	911	64.1	13 GB (11.7% of 108 GB recommended working set)	stop	19.38s	1.79s	21.48s	⚠️harness(long_context), ...	mixed	estimated_nontext	"<|im_start|>\n addCriterion(""image:caption"")"	integration-warning	0.0	0.0	45	18.9	11.7	medium					
mlx-community/Ministral-3-14B-Instruct-2512-mxfp4	completed	recommended	3,240	122	3,362	163	58.0	13 GB (11.3% of 108 GB recommended working set)	stop	23.44s	3.45s	28.24s	low_metadata_alignment	mixed	estimated_nontext	**Title:**\nModern Skyscraper at Dusk, London Urban Street\n\n**Description:**\nA nighttime urban street in London features a distinctive, slanted-glass skyscraper with illuminated interiors, flanked by older buildings. The scene includes empty roads, streetlights, and a few parked vehicles, with a pedestrian bridge connecting adjacent structures.\n\n**Keywords:**\nSkyscraper, night photography, urban street, London, modern architecture, glass facade, illuminated building, streetlights, empty road, pedestrian bridge, cityscape, European urban, dusk lighting, concrete structures, traffic signs	clean	0.0	52.1	93.3	63.1	11.3	medium					
mlx-community/paligemma2-3b-ft-docci-448-bf16	completed	avoid	1,652	500	2,152	3,399	19.0	11 GB (9.71% of 108 GB recommended working set)	length	27.34s	2.01s	29.66s	low_metadata_alignment, ...	normal	estimated_nontext	- Do not copy-prompt instructions into the Title, Description, or Keywords fields.\n- Do not infer identity, location, event, brand, species, time period, or intent.\n- Use this factual context where it improves the catalogue record; do not claim that contextual facts are visually observable.\n- Do not copy-prompt instructions into the Title, Description, or Keywords fields.\n- Do not infer identity, location, event, brand, species, time period, or intent.\n- Use this factual context where it improves the catalogue record; do not claim that contextual facts are visually observable.\n- Do not copy-prompt instructions into the Title, Description, or Keywords fields.\n- Do not infer identity, location, event, brand, species, time period, or intent.\n- Use this factual context where it improves the catalogue record; do not claim that contextual facts are visually observable.\n- Do not copy-prompt instructions into the Title, Description, or Keywords fields.\n- Do not infer identity, location, event, brand, species, time period, or intent.\n- Use this factual context where it improves the catalogue record; do not claim that contextual facts are visually observable.\n- Do not copy-prompt instructions into the Title, Description, or Keywords fields.\n- Do not infer identity, location, event, brand, species, time period, or intent.\n- Use this factual context where it improves the catalogue record; do not claim that contextual facts are visually observable.\n- Do not copy-prompt instructions into the Title, Description, or Keywords fields.\n- Do not infer identity, location, event, brand, species, time period, or intent.\n- Use this factual context where it improves the catalogue record; do not claim that contextual facts are visually observable.\n- Do not copy-prompt instructions into the Title, Description, or Keywords fields.\n- Do not infer identity, location, event, brand, species, time period, or intent.\n- Use this factual context where it improves the catalogue record; do not claim that contextual facts are visually observable.\n- Do not copy-prompt instructions into the Title, Description, or Keywords fields.\n- Do not infer identity, location, event, brand, species, time period, or intent.\n- Use this factual context where it improves the catalogue record; do not claim that contextual facts are visually observable.\n- Do not copy	clean	0.0	24.8	41.6	29.3	9.71	medium					
mlx-community/Llama-3.2-11B-Vision-Instruct-8bit	completed	caveat	595	187	782	31.2	11.5	15 GB (13% of 108 GB recommended working set)	stop	36.65s	2.11s	39.33s	title-length(11), ...	normal	estimated_nontext	Title:\nThe Fenchurch Building (The Walkie-Talkie), London, England, UK, GBR, Europe\n\nDescription:\nThe image depicts the Fenchurch Building, also known as the Walkie-Talkie, in London, England, UK, at night. The building is a prominent feature of the city's skyline, with its distinctive curved shape and modern architecture. The surrounding area is well-lit, with streetlights and building lights illuminating the scene. The image captures the urban landscape of London, with the Fenchurch Building standing out as a notable landmark.\n\nKeywords:\nArchitecture, Building, Buildings, Cars, City, Cityscape, Commuting, Fenchurch Street, Illuminated, London, Modern, Night, Nightscape, Skyscraper, Street, Street signs, The Fenchurch Building (The Walkie-Talkie), Urban, Urban landscape, Walkie Talkie building	clean	80	34.2	76.7	63.5	13	medium					
mlx-community/Phi-3.5-vision-instruct-bf16	completed	avoid	1,468	500	1,968	3,538	10.8	9.6 GB (8.31% of 108 GB recommended working set)	length	47.09s	0.73s	48.11s	"repetitive(phrase: ""modern,..."	normal	estimated_nontext	Title: The Fenchurch Building (The Walkie-Talkie), London, England, UK, GBR, Europe\n\nDescription: The iconic Fenchurch Building, also known as The Walkie-Talkie, stands tall in the heart of London's financial district. Its distinctive curved facade is illuminated against the night sky, creating a striking contrast with the surrounding modern architecture. The building's reflective glass surface mirrors the lights of the city, adding to its imposing presence.\n\nKeywords: Fenchurch Building, The Walkie-Talkie, London, England, UK, GBR, Europe, modern architecture, illuminated, cityscape, skyscraper, urban landscape, night, modern, illuminated, reflective glass, financial district, city lights, urban, architecture, buildings, illumination, nighttime, skyline, modern, urban, city, lighting, modern, illuminated, architecture, buildings, urban, cityscape, modern, illuminated, architecture, buildings, urban, city, lighting, modern, illuminated, architecture, buildings, urban, cityscape, modern, illuminated, architecture, buildings, urban, city, lighting, modern, illuminated, architecture, buildings, urban, cityscape, modern, illuminated, architecture, buildings, urban, city, lighting, modern, illuminated, architecture, buildings, urban, cityscape, modern, illuminated, architecture, buildings, urban, city, lighting, modern, illuminated, architecture, buildings, urban, cityscape, modern, illuminated, architecture, buildings, urban, city, lighting, modern, illuminated, architecture, buildings, urban, cityscape, modern, illuminated, architecture, buildings, urban, city, lighting, modern, illuminated, architecture, buildings, urban, cityscape, modern, illuminated, architecture, buildings, urban, city, lighting, modern, illuminated, architecture, buildings, urban, cityscape, modern, illuminated, architecture, buildings, urban, city, lighting, modern, illuminated, architecture, buildings, urban, cityscape, modern, illuminated, architecture, buildings, urban, city, lighting, modern,	clean	100	29.8	80	68.8	8.31	medium					
mlx-community/Molmo-7B-D-0924-bf16	completed	caveat	1,812	175	1,987	48.1	14.2	48 GB (41.4% of 108 GB recommended working set)	stop	51.15s	2.14s	53.58s	title-length(11), ...	normal	estimated_nontext	 Never output the prompt again.\n\nTitle: The Fenchurch Building (The Walkie-Talkie), London, England, UK, GBR, Europe\n\nDescription: The iconic Walkie Talkie building, formally known as 20 Fenchurch Street, stands illuminated against the night sky in London's financial district. Its distinctive curved glass facade reflects the surrounding cityscape, while a few cars and pedestrians are visible on the nearby street. The building's unique architecture and prominent location make it a recognizable landmark of the London skyline.\n\nKeywords: Architecture, Building, Buildings, Cars, City, Cityscape, Commuting, Fenchurch Street, Illuminated, London, Modern, Night, Nightscape, Skyscraper, Street, Street signs, The Fenchurch Building (The Walkie-Talkie), Urban, Urban landscape, Walkie Talkie building	clean	100	36	80	70	41.4	medium					
mlx-community/Qwen3.5-9B-MLX-4bit	completed	recommended	16,872	137	17,009	311	92.1	11 GB (9.94% of 108 GB recommended working set)	stop	56.48s	1.76s	58.55s		mixed	estimated_nontext	Title:\nThe Fenchurch Building, London, UK, Night\n\nDescription:\nThe Fenchurch Building, also known as 20 Fenchurch Street, is a modern skyscraper in London, England, visible at night with its distinctive curved glass façade and illuminated upper floors. The surrounding urban streetscape includes streetlights, road signs, parked bicycles, and nearby commercial buildings under a deep blue twilight sky.\n\nKeywords:\nArchitecture, Building, Buildings, City, Cityscape, Fenchurch Street, Illuminated, London, Modern, Night, Nightscape, Skyscraper, Street, Street signs, Urban, Urban landscape, Walkie Talkie building	clean	60	43.8	93.3	76.4	9.94	medium					
mlx-community/Qwen3-VL-2B-Instruct-bf16	completed	avoid	16,842	500	17,342	332	92.3	8.6 GB (7.44% of 108 GB recommended working set)	length	56.84s	0.56s	57.68s	⚠️harness(long_context), ...	mixed	estimated_nontext	- - - - - - - - - - - - - - - - - - - - - - - - - - - - - - - - - - - - - - - - - - - - - - - - - - - - - - - - - - - - - - - - - - - - - - - - - - - - - - - - - - - - - - - - - - - - - - - - - - - - - - - - - - - - - - - - - - - - - - - - - - - - - - - - - - - - - - - - - - - - - - - - - - - - - - - - - - - - - - - - - - - - - - - - - - - - - - - - - - - - - - - - - - - - - - - - - - - - - - - - - - - - - - - - - - - - - - - - - - - - - - - - - - - - - - - - - - - - - - - - - - - - - - - - - - - - - - - - - - - - - - - - - - - - - - - - - - - - - - - - - - - - - - - - - - - - - - - - - - - - - - - - - - - - - - - - - - - - - - - - - - - - - - - - - - - - - - - - - - - - - - - - - - - - - - - - - - - - - - - - - - - - - - - - - - - - - - - - - - - - - - - - - - - - - - - - - - - - - - - - - - - - - - - - - - - - - - - - - - - - - - - - - - - - - - - - - - - - - - - - - - - - - - - - - - - - - - - - - - - - - - - - - - - - - - - - - - - - - - - - - - - - - - - - - - - - - - - - - - - -	integration-warning	0.0	0.0	40	17.4	7.44	high					
mlx-community/Qwen3.5-35B-A3B-4bit	completed	recommended	16,872	133	17,005	290	107	26 GB (22.6% of 108 GB recommended working set)	stop	60.26s	2.85s	63.41s		mixed	estimated_nontext	Title:\nThe Fenchurch Building at night in London\n\nDescription:\nThe Fenchurch Building, also known as the Walkie-Talkie, dominates the evening skyline of London, England, with its distinctive curved glass facade reflecting the deep blue twilight. The street level is illuminated by warm streetlights and interior office lights, highlighting the entrance and surrounding urban infrastructure.\n\nKeywords:\nThe Fenchurch Building, Walkie-Talkie, London, England, UK, Europe, Night, Skyscraper, Glass facade, Street lights, Urban landscape, Architecture, Cityscape, Blue sky, Office lights, Street level, Modern design, Metropolitan	clean	80	42.6	93.3	81.2	22.6	medium					
mlx-community/Qwen3.5-35B-A3B-6bit	completed	recommended	16,872	132	17,004	282	91.2	35 GB (30.1% of 108 GB recommended working set)	stop	62.11s	3.62s	66.04s		mixed	estimated_nontext	Title:\nThe Fenchurch Building at night in London\n\nDescription:\nThe Fenchurch Building, also known as the Walkie-Talkie, stands prominently in the City of London against a deep blue evening sky. The street level scene features illuminated shop fronts, parked bicycles, and road signage on a quiet urban thoroughfare.\n\nKeywords:\nThe Fenchurch Building, Walkie-Talkie, 20 Fenchurch Street, London, City of London, England, UK, Europe, Night, Nightscape, Skyscraper, Architecture, Street, Street signs, Bicycles, Illuminated, Urban, Blue sky	clean	80	46.6	93.3	82	30.1	medium					
mlx-community/Qwen3.5-35B-A3B-bf16	completed	recommended	16,872	131	17,003	261	65.8	76 GB (65.8% of 108 GB recommended working set)	stop	67.45s	10.71s	78.47s		mixed	estimated_nontext	Title:\nThe Fenchurch Building at night in London\n\nDescription:\nThe Fenchurch Building, located at 20 Fenchurch Street in London, England, is captured at night with its distinctive curved glass façade reflecting the deep blue sky. Street-level details include illuminated shop fronts, parked bicycles, and traffic signage on the wet pavement.\n\nKeywords:\nThe Fenchurch Building, 20 Fenchurch Street, London, England, UK, Europe, Night, Nightscape, Skyscraper, Architecture, Glass façade, Street, Urban, Cityscape, Street signs, Bicycles, Wet pavement, Blue sky	clean	80	51.2	93.3	82.9	65.8	medium					
mlx-community/Qwen3.5-27B-4bit	completed	recommended	16,872	136	17,008	251	30.7	26 GB (22.4% of 108 GB recommended working set)	stop	72.35s	2.33s	75.00s		mixed	estimated_nontext	Title:\n20 Fenchurch Street, London, England, UK, Europe\n\nDescription:\nA low-angle night view of the 20 Fenchurch Street skyscraper, known as the Walkie-Talkie, dominating the frame against a deep blue sky. The street below is illuminated by streetlights and vehicle headlights, with green rental bicycles parked on the pavement to the left.\n\nKeywords:\n20 Fenchurch Street, Architecture, Blue hour, Cityscape, England, London, Modern, Night, Skyscraper, Street, Urban, United Kingdom, Walkie-Talkie, Windows, Glass, Facade, Nighttime, Europe	clean	80	45.6	100	84.1	22.4	medium					
mlx-community/Qwen3.5-27B-mxfp8	completed	recommended	16,872	141	17,013	249	18.3	38 GB (33.3% of 108 GB recommended working set)	stop	76.36s	3.52s	80.20s		mixed	estimated_nontext	Title:\nThe Walkie-Talkie Building, London, England, UK\n\nDescription:\nA low-angle night view captures the distinctive curved glass facade of 20 Fenchurch Street, known as The Walkie-Talkie, towering over a quiet London street. The scene is illuminated by warm streetlights and scattered office windows, with a few parked bicycles and a distant vehicle visible on the wet pavement below.\n\nKeywords:\nArchitecture, Building, Cityscape, England, Europe, Fenchurch Street, Illuminated, London, Modern, Night, Nightscape, Skyscraper, Street, The Walkie-Talkie, Urban, United Kingdom, Walkie Talkie building	clean	80	44.4	100	83.9	33.3	medium					
mlx-community/Qwen3.6-27B-mxfp8	completed	recommended	16,872	144	17,016	217	17.7	38 GB (33.3% of 108 GB recommended working set)	stop	86.59s	3.53s	90.46s		mixed	estimated_nontext	Title:\n20 Fenchurch Street, London, England, UK, Europe\n\nDescription:\nA low-angle night view of 20 Fenchurch Street, known as the Walkie-Talkie, towering over a quiet urban street in London. The scene is illuminated by streetlights and the building's internal lights, with a row of green rental bicycles parked on the sidewalk in the foreground.\n\nKeywords:\n20 Fenchurch Street, Architecture, Bicycle, Cityscape, England, Europe, Fenchurch Street, Illuminated, London, Modern, Night, Nightscape, Skyscraper, Street, The Fenchurch Building, Urban, United Kingdom, Walkie-Talkie	clean	80	43.8	100	83.8	33.3	medium					
mlx-community/MolmoPoint-8B-fp16	completed	caveat	3,440	155	3,595	1,330	1.83	27 GB (23.2% of 108 GB recommended working set)	stop	88.14s	2.76s	91.20s	keyword-count(20), ...	visual_input	estimated_nontext	Title:\n- 20 Fenchurch Street, London, England, UK, GBR, Europe\n\nDescription:\n- 20 Fenchurch Street, also known as The Walkie-Talkie, is a distinctive skyscraper in London, England, UK, captured at night. The image shows the building's unique curved glass facade reflecting the dark blue sky, with illuminated windows and streetlights visible in the foreground.\n\nKeywords:\n- Architecture, Building, Buildings, Cars, City, Cityscape, Commuting, Fenchurch Street, Illuminated, London, Modern, Night, Nightscape, Skyscraper, Street, Street signs, The Fenchurch Building (The Walkie-Talkie), Urban, Urban landscape, Walkie Talkie building	clean	80	35.5	100	78.7	23.2	medium					
mlx-community/Kimi-VL-A3B-Thinking-2506-bf16	completed	avoid	1,623	500	2,123	1,101	4.69	40 GB (34.7% of 108 GB recommended working set)	length	108.75s	3.29s	112.35s	missing-sections(title+desc...	normal	estimated_nontext	"◁think▷Okay, let's tackle this. First, I need to analyze the image and create a catalog record following the given instructions. The image shows a tall, modern skyscraper at night, which is the Walkie-Talkie building in London, England. The scene is urban, with streetlights, buildings, and a dark blue sky. The building has a distinctive curved top and illuminated windows. \n\nFor the title, I should keep it concise and factual. The existing draft title is ""The Fenchurch Building (The Walkie-Talkie), London, England, UK, GBR, Europe"". That seems accurate. \n\nNext, the description needs to combine the authoritative context with visible details. The building is the main subject, it's nighttime, illuminated, with a dark sky, streetlights, and the surrounding urban environment. So something like ""The illuminated Walkie-Talkie building at night, a modern skyscraper in an urban street with streetlights and adjacent buildings under a dark blue sky.""\n\nKeywords should include terms from the draft and visible elements. The draft has Architecture, Building, Buildings, Cars, City, Cityscape, Commuting, Fenchurch Street, Illuminated, London, Modern, Night, Nightscape, Skyscraper, Street, Street signs, The Fenchurch Building (The Walkie-Talkie), Urban, Urban landscape, Walkie Talkie building. I can add ""Nighttime"" and ""Skyscraper"" if needed, but the draft already has those. Maybe check if ""Nightscape"" is redundant with Night. Also, ""Urban landscape"" is covered by Urban. So the keywords would be: Architecture, Building, Buildings, Cars, City, Cityscape, Commuting, Fenchurch Street, Illuminated, London, Modern, Night, Nightscape, Skyscraper, Street, Street signs, The Fenchurch Building (The Walkie-Talkie), Urban, Walkie Talkie building.\n\nWait, the draft already includes ""Walkie Talkie building"" and ""The Fenchurch Building (The Walkie-Talkie)"", so maybe keep those. Also, check if ""Night"" and ""Nightscape"" are both needed. Since the image is nighttime, both are appropriate. So the keywords list should be as per the draft but maybe adjust for uniqueness. Let me list them again: Architecture, Building, Buildings, Cars, City, Cityscape, Comm"	clean	80	37.3	81.8	59.5	34.7	medium					
mlx-community/Ornith-1.0-35B-bf16	completed	recommended	16,872	126	16,998	134	57.3	76 GB (65.8% of 108 GB recommended working set)	stop	129.56s	14.81s	144.77s	low_metadata_alignment	mixed	estimated_nontext	Title:\n- The Fenchurch Street skyscraper at night\n\nDescription:\n- The Fenchurch Street skyscraper in London, England, rises against a deep blue night sky, its curved glass facade reflecting the surrounding city lights. Street-level details include illuminated shop fronts, parked bicycles, and road signs, with a few cars visible on the wet pavement.\n\nKeywords:\n- Fenchurch Street, London, England, UK, Europe, Skyscraper, Night, Cityscape, Urban, Architecture, Glass, Reflections, Street, Cars, Bicycles, Road signs, Illuminated, Blue sky	clean	80	50.4	93.3	82.7	65.8	medium					
mlx-community/Qwen2-VL-2B-Instruct-4bit	completed	avoid	16,853	500	17,353	68.2	225	5.1 GB (4.39% of 108 GB recommended working set)	length	250.01s	0.55s	250.86s	⚠️harness(long_context), ...	mixed	estimated_nontext	-2026-07-18 22:55:39 BST 51.511300°N 0.083400°W 51.511300°N 0.083400°W 22:55:39 BST 22:55:39 BST 22:55:39 BST 22:55:39 BST 22:55:39 BST 22:55:39 BST 22:55:39 BST 22:55:39 BST 22:55:39 BST 22:55:39 BST 22:55:39 BST 22:55:39 BST 22:55:39 BST 22:55:39 BST 22:55:39 BST 22:55:39 BST 22:55:39 BST 22:55:39 BST 22:55:39 BST 22:55:39 BST 22:55:39 BST 22:55:39 BST 22:55:39 BST 22:55:39 BST 22:55:39 BST 22:55:39 BST 22:55:39 BST 22:55:39 BST 22:55:39 BST 22:55:39 BST 22:55:39 BST 22:55:39 BST 22:55:39 BST 22:55:39 BST 22:55:39 BST 22:55:39 BST 22:55:39 BST 22:55:39 BST 22:55:39 BST 22:55:39 BST 22:55:39 BST 22:55:39 BST 22:55:39 BST 22	integration-warning	0.0	15.2	60	27.4	4.39	high					
